Emp ID,First Name,Last Name,E Mail,Salary
677509,Lois,Walker,lois.walker@hotmail.com,168251
940761,Brenda,Robinson,brenda.robinson@gmail.com,51063
428945,Joe,Robinson,joe.robinson@gmail.com,50155
408351,Diane,Evans,diane.evans@yahoo.com,180294
193819,Benjamin,Russell,benjamin.russell@charter.net,117642
499687,Patrick,Bailey,patrick.bailey@aol.com,72305
539712,Nancy,Baker,nancy.baker@bp.com,98189
380086,Carol,Murphy,carol.murphy@gmail.com,60918
477616,Frances,Young,frances.young@gmail.com,121587
162402,Diana,Peterson,diana.peterson@hotmail.co.uk,43010
231469,Ralph,Flores,ralph.flores@yahoo.com,118457
153989,Jack,Alexander,jack.alexander@gmail.com,82965
386158,Melissa,King,melissa.king@comcast.net,166892
301576,Wayne,Watson,wayne.watson@gmail.com,92758
441771,Cheryl,Scott,cheryl.scott@gmail.com,92220
528509,Paula,Diaz,paula.diaz@gmail.com,152654
912990,Joshua,Stewart,joshua.stewart@yahoo.ca,184896
214352,Theresa,Lee,theresa.lee@gmail.com,197537
890290,Julia,Scott,julia.scott@apple.com,141518
622406,Thomas,Lewis,thomas.lewis@gmail.com,73862
979607,Carol,Edwards,carol.edwards@msn.com,93967
969580,Matthew,Turner,matthew.turner@gmail.com,52237
426038,Joan,Stewart,joan.stewart@yahoo.com,111673
388642,Ruby,Rogers,ruby.rogers@gmail.com,160623
560455,Carolyn,Hayes,carolyn.hayes@hotmail.co.uk,42005
477253,Anne,Russell,anne.russell@ibm.com,103160
263480,Daniel,Cooper,daniel.cooper@yahoo.com,153790
683826,Roger,Roberts,roger.roberts@gmail.com,129625
474599,Maria,Walker,maria.walker@microsoft.com,48944
335732,Brenda,Butler,brenda.butler@gmail.com,60508
329752,Lillian,Brown,lillian.brown@aol.com,67251
893212,Amy,Howard,amy.howard@aol.com,112715
621833,Gregory,Edwards,gregory.edwards@outlook.com,169245
456747,Roy,Griffin,roy.griffin@yahoo.com,170895
278556,Richard,Mitchell,richard.mitchell@verizon.net,122226
333476,Mary,Wilson,mary.wilson@sbcglobal.net,109394
218791,Aaron,Price,aaron.price@bp.com,54402
134841,Donna,Brown,donna.brown@aol.com,129836
726264,Carl,Collins,carl.collins@yahoo.com,162159
766610,Joyce,Jenkins,joyce.jenkins@aol.com,119321
923947,Mary,Bryant,mary.bryant@verizon.net,155442
227922,Amanda,Hughes,amanda.hughes@rediffmail.com,114257
265813,Jack,Campbell,jack.campbell@gmail.com,186280
247137,Alan,Rivera,alan.rivera@apple.com,154810
407061,Elizabeth,Jackson,elizabeth.jackson@aol.com,85420
226714,Nancy,Davis,nancy.davis@ibm.com,94986
702813,Ernest,Martinez,ernest.martinez@gmail.com,172098
524896,Judy,Hernandez,judy.hernandez@gmail.com,133332
363065,Nancy,Jones,nancy.jones@gmail.com,61924
879753,Pamela,Wright,pamela.wright@aol.com,149262
958326,Larry,Miller,larry.miller@shell.com,97904
447813,Ann,Coleman,ann.coleman@ibm.com,130014
525955,Judy,Gonzales,judy.gonzales@gmail.com,149575
818384,Peter,Washington,peter.washington@bp.com,173226
971640,Clarence,Ross,clarence.ross@apple.com,165272
253573,Sharon,Lopez,sharon.lopez@gmail.com,190139
904898,Ann,Cooper,ann.cooper@exxonmobil.com,182521
515103,Anne,Perez,anne.perez@sbcglobal.net,114426
491943,Nancy,Howard,nancy.howard@gmail.com,101553
750173,Antonio,Roberts,antonio.roberts@hotmail.com,181646
687017,Frances,Watson,frances.watson@outlook.com,46945
241882,Debra,Wood,debra.wood@hotmail.com,84318
758872,Henry,Jenkins,henry.jenkins@hotmail.com,102384
940922,Melissa,Butler,melissa.butler@hotmail.com,167631
917937,Todd,Hall,todd.hall@yahoo.com,163560
917395,Christopher,Nelson,christopher.nelson@aol.com,190765
183071,Andrea,Garcia,andrea.garcia@aol.com,54179
316110,Jeremy,Sanchez,jeremy.sanchez@hotmail.com,178847
293459,Steven,Phillips,steven.phillips@hotmail.com,90108
732017,Cynthia,Ramirez,cynthia.ramirez@btinternet.com,90531
915638,Jason,Anderson,jason.anderson@gmail.com,76636
478003,Cynthia,White,cynthia.white@gmail.com,186200
951225,Margaret,Brooks,margaret.brooks@gmail.com,43867
883936,Douglas,Flores,douglas.flores@gmail.com,181793
528673,Paul,Watson,paul.watson@hotmail.com,145235
765850,Linda,Moore,linda.moore@gmail.com,113256
262382,Cheryl,Miller,cheryl.miller@ntlworld.com,64143
870820,Martha,Washington,martha.washington@aol.com,116629
806955,William,Hernandez,william.hernandez@rediffmail.com,73734
325319,Carolyn,Price,carolyn.price@yahoo.com,48736
623253,Ruby,Stewart,ruby.stewart@gmail.com,174774
225925,Paul,Cooper,paul.cooper@gmail.com,73526
761821,Ernest,Washington,ernest.washington@msn.com,176675
400173,Dorothy,Edwards,dorothy.edwards@hotmail.co.uk,179017
802554,Ryan,Alexander,ryan.alexander@shell.com,106628
476433,Lillian,Mitchell,lillian.mitchell@shaw.ca,149878
533952,Kelly,Adams,kelly.adams@bp.com,51878
623929,Jimmy,Howard,jimmy.howard@yahoo.com,120631
844177,Margaret,Allen,margaret.allen@gmail.com,180107
212893,Janet,Henderson,janet.henderson@ntlworld.com,114481
185032,Eugene,Perez,eugene.perez@exxonmobil.com,122950
867084,Deborah,Smith,deborah.smith@yahoo.com,52767
969964,Janice,Parker,janice.parker@yahoo.com,147641
158666,Rebecca,Stewart,rebecca.stewart@gmail.com,160043
489424,Phillip,White,phillip.white@gmail.com,181774
639892,Jose,Hill,jose.hill@hotmail.com,129774
704709,Harold,Nelson,harold.nelson@gmail.com,156194
461593,Nicole,Ward,nicole.ward@yahoo.com,95673
392491,Theresa,Murphy,theresa.murphy@gmail.com,51015
495141,Tammy,Young,tammy.young@comcast.net,93650
